id,name,email,password,created_at,updated_at
1,김한비,gksql@gmail.com,$2b$08$d2v/GOCIiHgBlWHyVJOsLuRFzjv6pyfvC/p8owLWgrcHLKYh8boN6,2020-11-25 08:55:07.499585,2020-11-25 08:55:07.499585
2,백도현,ehgus@gmail.com,$2b$08$HuEucuuIvJjXkNH9kEBXB.8jJ6.AqrvxCq5G8Xn2jkMrc6B8SHIDu,2020-11-25 08:55:28.618009,2020-11-25 08:55:28.618009
3,전효빈,gyqls@gmail.com,$2b$08$YfgSP1q7apDKd7erlbTqzO9fG5H/20hdnBbD1HBp2SodhqgYWhAKS,2020-11-25 08:55:41.436381,2020-11-25 08:55:41.436381
4,차세진,tpwls@gmail.com,$2b$08$jpwPmkj5oZwODcgCR6ELu.Igke3FiRfHFTX1DhL1D1q.QgkDXqxJC,2020-11-25 08:55:57.39774,2020-11-25 08:55:57.39774
5,정선경,tjsrud@gmail.com,$2b$08$JRaG87YT5lSGIT1shGDyCuph0ZijKiPlMcUdsXtcQyEG3FaSaDTFG,2020-11-25 08:56:08.421067,2020-11-25 08:56:08.421067
6,김유림,dbfla@gmail.com,$2b$08$UeEj0a2k0RHKiVqUDbV7AeWh1ujEZR4M95CamBTt98fs5AF45xiSq,2020-11-25 08:56:21.441565,2020-11-25 08:56:21.441565
7,김현수,gustn@gmail.com,$2b$08$nUUAyMckqvgJ/TCcAjil9exEJvucwhynaepI/wcDectXHiOanNUeG,2020-11-25 08:56:47.874957,2020-11-25 08:56:47.874957
8,안다빈,ekqls@gmail.com,$2b$08$64sbGAjcjKArPty0Rx0IWeNRuolc72araBonRnKcPw5dmXm3bV9Vu,2020-11-25 08:56:59.484748,2020-11-25 08:56:59.484748
9,이수민,tnals@gmail.com,$2b$08$5RQCjjmucY9i3M5lSFoqj.glf9vPNUlxwZvTKAMrqb9FBHqiB6UXG,2020-11-25 08:57:09.821308,2020-11-25 08:57:09.821308
10,김민정,alswjd@gmail.com,$2b$08$Gfkph6btxUg6MXKENme5OuetquI2UQXAJBhxOcsroOL4iGVPRqYYK,2020-11-25 08:57:20.918812,2020-11-25 08:57:20.918812
11,이지호,wlgh@gmail.com,$2b$08$5qVYCk5L2JJ2zrxCte4FH.e.QuVum.xTrAYYWS2cJz.1qbJXxnoHS,2020-11-25 08:57:34.927762,2020-11-25 08:57:34.927762
12,김민지,alswl@gmail.com,$2b$08$Pb4SXhqFYaoBKRAAQ4lZduZjTi8soObhMw3l742lCSmCcf3Fx1kNK,2020-11-25 08:57:52.419281,2020-11-25 08:57:52.419281
14,임은형,dmsgud@gmail.com,$2b$08$iUpk4SMXoKB4RHGyI3elneM.luMKBHSj5rRZnTb7vwk6qaHaH7ZoW,2020-11-25 09:05:51.614137,2020-11-25 09:05:51.614137
15,김은정,dmswjd@gmail.com,$2b$08$3//iyfXqs0U7AXlrYRnwgucrNaPkAmwJGpg1Kpc5W9S302UMWX7X2,2020-11-25 09:06:04.347058,2020-11-25 09:06:04.347058
16,박유라,dbfk@gmail.com,$2b$08$.fsEyOKZaJX70JdeFhUkaen1WWXuxQ61ThGL4LNKBCO/4TJ4wGSNO,2020-11-25 09:06:12.513476,2020-11-25 09:06:12.513476
17,노나현,skgus@gmail.com,$2b$08$rFQCpacMmVSsuLNLxmPAgOpFmPgBDG772UhEGA31MrEBH9BgEA3hO,2020-11-25 09:06:21.124455,2020-11-25 09:06:21.124455
18,이승빈,tmdqls@gmail.com,$2b$08$EgkUojfDUxqpPcYczDop9uowDB3OvHHVjX6eO5FOvh2a9XA7wkGo.,2020-11-25 09:06:32.563866,2020-11-25 09:06:32.563866
7438,관리자,admin@hotel.com,$2b$08$NVl1gsPuQfzlvTzxkoXEA.ca6JxQ9LYFakUqYzSKdkesxqsZ9PJZG,2020-11-25 08:59:33.210315,2020-11-25 08:59:33.210315
19,박지윤,wldbs@gmail.com,$2b$08$b9k8BTP2RPHk19CcD7kLEOHMhixq.jMRwDrq8rJiYmLBWM0UuyCda,2020-11-25 09:34:58.38191,2020-11-25 09:34:58.38191
20,김지민,wlals@gmail.com,$2b$08$CgY9w/0Zdv8P86YlpAyctOBAVJTvWXQw5AoMq6i4z7NFMZqpJOSWW,2020-11-25 09:39:07.188469,2020-11-25 09:39:07.188469
